time,function,size
2021-07-29-22:21:00.604197,memset<=exe(void*)<=0x00007FF7B84E714A<=clone,8083643
2021-07-29-22:21:00.605127,memset<=exe(void*)<=0x00007FF7B84E714A<=clone,7396434
2021-07-29-22:21:00.605586,memset<=exe(void*)<=0x00007FF7B84E714A<=clone,5458036
2021-07-29-22:21:00.605923,memset<=exe(void*)<=0x00007FF7B84E714A<=clone,7793129
2021-07-29-22:21:00.606467,memset<=exe(void*)<=0x00007FF7B84E714A<=clone,8312748
2021-07-29-22:21:00.606806,memset<=exe(void*)<=0x00007FF7B84E714A<=clone,6853707
2021-07-29-22:21:00.607165,memset<=exe(void*)<=0x00007FF7B84E714A<=clone,9462467
2021-07-29-22:21:00.607481,memset<=exe(void*)<=0x00007FF7B84E714A<=clone,8070087
2021-07-29-22:21:00.608028,memset<=exe(void*)<=0x00007FF7B84E714A<=clone,8914843
2021-07-29-22:21:00.608421,memset<=exe(void*)<=0x00007FF7B84E714A<=clone,6093103
2021-07-29-22:21:00.608770,memset<=exe(void*)<=0x00007FF7B84E714A<=clone,7422451
2021-07-29-22:21:00.609320,memset<=exe(void*)<=0x00007FF7B84E714A<=clone,4750542
2021-07-29-22:21:00.609887,memset<=exe(void*)<=0x00007FF7B84E714A<=clone,6577459
2021-07-29-22:21:00.610357,memset<=exe(void*)<=0x00007FF7B84E714A<=clone,9314090
2021-07-29-22:21:00.611295,memset<=exe(void*)<=0x00007FF7B84E714A<=clone,5458036
2021-07-29-22:21:00.613493,memset<=exe(void*)<=0x00007FF7B84E714A<=clone,7396434
2021-07-29-22:21:00.614620,memset<=exe(void*)<=0x00007FF7B84E714A<=clone,8083643
2021-07-29-22:21:00.616273,memset<=exe(void*)<=0x00007FF7B84E714A<=clone,7793129
2021-07-29-22:21:00.616557,memset<=exe(void*)<=0x00007FF7B84E714A<=clone,4750542
2021-07-29-22:21:00.616965,memset<=exe(void*)<=0x00007FF7B84E714A<=clone,6853707
2021-07-29-22:21:00.617851,memset<=exe(void*)<=0x00007FF7B84E714A<=clone,8312748
2021-07-29-22:21:00.619063,memset<=exe(void*)<=0x00007FF7B84E714A<=clone,6093103
2021-07-29-22:21:00.619383,memset<=exe(void*)<=0x00007FF7B84E714A<=clone,8070087
2021-07-29-22:21:00.619692,memmove<=exe(void*)<=0x00007FF7B84E714A<=clone,5458036
2021-07-29-22:21:00.620376,memset<=exe(void*)<=0x00007FF7B84E714A<=clone,6577459
2021-07-29-22:21:00.620835,memset<=exe(void*)<=0x00007FF7B84E714A<=clone,9462467
2021-07-29-22:21:00.621186,memset<=exe(void*)<=0x00007FF7B84E714A<=clone,7422451
2021-07-29-22:21:00.621529,memcpy<=exe(void*)<=0x00007FF7B84E714A<=clone,5458036
2021-07-29-22:21:00.622107,memset<=exe(void*)<=0x00007FF7B84E714A<=clone,8914843
2021-07-29-22:21:00.624006,memmove<=exe(void*)<=0x00007FF7B84E714A<=clone,4750542
2021-07-29-22:21:00.624609,memmove<=exe(void*)<=0x00007FF7B84E714A<=clone,7396434
2021-07-29-22:21:00.624921,memcpy<=exe(void*)<=0x00007FF7B84E714A<=clone,4750542
2021-07-29-22:21:00.625788,memset<=exe(void*)<=0x00007FF7B84E714A<=clone,9314090
2021-07-29-22:21:00.626123,memcpy<=exe(void*)<=0x00007FF7B84E714A<=clone,7396434
2021-07-29-22:21:00.627050,memmove<=exe(void*)<=0x00007FF7B84E714A<=clone,8083643
2021-07-29-22:21:00.627358,memmove<=exe(void*)<=0x00007FF7B84E714A<=clone,6853707
2021-07-29-22:21:00.628295,memcpy<=exe(void*)<=0x00007FF7B84E714A<=clone,8083643
2021-07-29-22:21:00.876325,memmove<=exe(void*)<=0x00007FF7B84E714A<=clone,7793129
2021-07-29-22:21:00.876665,memmove<=exe(void*)<=0x00007FF7B84E714A<=clone,8312748
2021-07-29-22:21:00.876889,memmove<=exe(void*)<=0x00007FF7B84E714A<=clone,7422451
2021-07-29-22:21:00.877487,memmove<=exe(void*)<=0x00007FF7B84E714A<=clone,6093103
2021-07-29-22:21:00.877850,memmove<=exe(void*)<=0x00007FF7B84E714A<=clone,8070087
2021-07-29-22:21:00.878172,memcpy<=exe(void*)<=0x00007FF7B84E714A<=clone,6853707
2021-07-29-22:21:00.878509,memmove<=exe(void*)<=0x00007FF7B84E714A<=clone,9462467
2021-07-29-22:21:00.878838,memmove<=exe(void*)<=0x00007FF7B84E714A<=clone,8914843
2021-07-29-22:21:00.879178,memmove<=exe(void*)<=0x00007FF7B84E714A<=clone,6577459
2021-07-29-22:21:00.879496,memmove<=exe(void*)<=0x00007FF7B84E714A<=clone,9314090
2021-07-29-22:21:00.879824,memcpy<=exe(void*)<=0x00007FF7B84E714A<=clone,7793129
2021-07-29-22:21:00.880133,memcpy<=exe(void*)<=0x00007FF7B84E714A<=clone,8312748
2021-07-29-22:21:00.880429,memcpy<=exe(void*)<=0x00007FF7B84E714A<=clone,7422451
2021-07-29-22:21:00.880755,memcpy<=exe(void*)<=0x00007FF7B84E714A<=clone,6093103
2021-07-29-22:21:00.881156,memcpy<=exe(void*)<=0x00007FF7B84E714A<=clone,8070087
2021-07-29-22:21:00.881425,memcpy<=exe(void*)<=0x00007FF7B84E714A<=clone,8914843
2021-07-29-22:21:00.881777,memcpy<=exe(void*)<=0x00007FF7B84E714A<=clone,9462467
2021-07-29-22:21:00.882204,memcpy<=exe(void*)<=0x00007FF7B84E714A<=clone,6577459
2021-07-29-22:21:00.882494,memcpy<=exe(void*)<=0x00007FF7B84E714A<=clone,9314090
2021-07-29-22:21:04.605351,memset<=exe(void*)<=main<=__libc_start_main<=_start,8385826
2021-07-29-22:21:04.605832,memset<=exe(void*)<=main<=__libc_start_main<=_start,8385826
2021-07-29-22:21:04.606251,memset<=exe(void*)<=main<=__libc_start_main<=_start,8385826
2021-07-29-22:21:04.606692,memset<=exe(void*)<=main<=__libc_start_main<=_start,8385826
2021-07-29-22:21:04.607161,memset<=exe(void*)<=main<=__libc_start_main<=_start,8385826
2021-07-29-22:21:04.607642,memset<=exe(void*)<=main<=__libc_start_main<=_start,8385826
2021-07-29-22:21:04.608108,memset<=exe(void*)<=main<=__libc_start_main<=_start,8385826
2021-07-29-22:21:04.608442,memset<=exe(void*)<=main<=__libc_start_main<=_start,8385826
2021-07-29-22:21:04.608756,memset<=exe(void*)<=main<=__libc_start_main<=_start,8385826
2021-07-29-22:21:04.609151,memset<=exe(void*)<=main<=__libc_start_main<=_start,8385826
2021-07-29-22:21:04.609631,memset<=exe(void*)<=main<=__libc_start_main<=_start,8385826
2021-07-29-22:21:04.610080,memset<=exe(void*)<=main<=__libc_start_main<=_start,8385826
2021-07-29-22:21:04.610505,memset<=exe(void*)<=main<=__libc_start_main<=_start,8385826
2021-07-29-22:21:04.610847,memset<=exe(void*)<=main<=__libc_start_main<=_start,8385826
2021-07-29-22:21:04.611327,memset<=exe(void*)<=main<=__libc_start_main<=_start,8385826
2021-07-29-22:21:04.611820,memset<=exe(void*)<=main<=__libc_start_main<=_start,8385826
2021-07-29-22:21:04.612301,memset<=exe(void*)<=main<=__libc_start_main<=_start,8385826
2021-07-29-22:21:04.612538,memset<=exe(void*)<=main<=__libc_start_main<=_start,8385826
2021-07-29-22:21:04.612703,memset<=exe(void*)<=main<=__libc_start_main<=_start,8385826
2021-07-29-22:21:04.613175,memset<=exe(void*)<=main<=__libc_start_main<=_start,8385826
2021-07-29-22:21:04.613509,memset<=exe(void*)<=main<=__libc_start_main<=_start,8385826
2021-07-29-22:21:04.613950,memset<=exe(void*)<=main<=__libc_start_main<=_start,8385826
2021-07-29-22:21:04.614304,memset<=exe(void*)<=main<=__libc_start_main<=_start,8385826
2021-07-29-22:21:04.614756,memset<=exe(void*)<=main<=__libc_start_main<=_start,8385826
2021-07-29-22:21:04.615121,memset<=exe(void*)<=main<=__libc_start_main<=_start,8385826
2021-07-29-22:21:04.615457,memset<=exe(void*)<=main<=__libc_start_main<=_start,8385826
2021-07-29-22:21:04.615746,memset<=exe(void*)<=main<=__libc_start_main<=_start,8385826
2021-07-29-22:21:04.616095,memset<=exe(void*)<=main<=__libc_start_main<=_start,8385826
2021-07-29-22:21:04.616325,memset<=exe(void*)<=main<=__libc_start_main<=_start,8385826
2021-07-29-22:21:04.616671,memset<=exe(void*)<=main<=__libc_start_main<=_start,8385826
2021-07-29-22:21:04.617015,memset<=exe(void*)<=main<=__libc_start_main<=_start,8385826
2021-07-29-22:21:04.617346,memset<=exe(void*)<=main<=__libc_start_main<=_start,8385826
2021-07-29-22:21:04.617720,memset<=exe(void*)<=main<=__libc_start_main<=_start,8385826
2021-07-29-22:21:04.618084,memset<=exe(void*)<=main<=__libc_start_main<=_start,8385826
2021-07-29-22:21:04.618381,memset<=exe(void*)<=main<=__libc_start_main<=_start,8385826
2021-07-29-22:21:04.618713,memset<=exe(void*)<=main<=__libc_start_main<=_start,8385826
2021-07-29-22:21:04.619068,memset<=exe(void*)<=main<=__libc_start_main<=_start,8385826
2021-07-29-22:21:04.619497,memmove<=exe(void*)<=main<=__libc_start_main<=_start,8385826
2021-07-29-22:21:04.619792,memset<=exe(void*)<=main<=__libc_start_main<=_start,8385826
2021-07-29-22:21:04.620161,memmove<=exe(void*)<=main<=__libc_start_main<=_start,8385826
2021-07-29-22:21:04.620512,memmove<=exe(void*)<=main<=__libc_start_main<=_start,8385826
2021-07-29-22:21:04.620951,memset<=exe(void*)<=main<=__libc_start_main<=_start,8385826
2021-07-29-22:21:04.621351,memmove<=exe(void*)<=main<=__libc_start_main<=_start,8385826
2021-07-29-22:21:04.912969,memset<=exe(void*)<=main<=__libc_start_main<=_start,8385826
2021-07-29-22:21:04.913217,memmove<=exe(void*)<=main<=__libc_start_main<=_start,8385826
2021-07-29-22:21:04.913481,memcpy<=exe(void*)<=main<=__libc_start_main<=_start,8385826
2021-07-29-22:21:04.913694,memmove<=exe(void*)<=main<=__libc_start_main<=_start,8385826
2021-07-29-22:21:04.913988,memmove<=exe(void*)<=main<=__libc_start_main<=_start,8385826
2021-07-29-22:21:04.914209,memmove<=exe(void*)<=main<=__libc_start_main<=_start,8385826
2021-07-29-22:21:04.914517,memmove<=exe(void*)<=main<=__libc_start_main<=_start,8385826
2021-07-29-22:21:04.914772,memmove<=exe(void*)<=main<=__libc_start_main<=_start,8385826
2021-07-29-22:21:04.915153,memcpy<=exe(void*)<=main<=__libc_start_main<=_start,8385826
2021-07-29-22:21:04.915498,memmove<=exe(void*)<=main<=__libc_start_main<=_start,8385826
2021-07-29-22:21:04.915885,memmove<=exe(void*)<=main<=__libc_start_main<=_start,8385826
2021-07-29-22:21:04.916314,memcpy<=exe(void*)<=main<=__libc_start_main<=_start,8385826
2021-07-29-22:21:04.916719,memcpy<=exe(void*)<=main<=__libc_start_main<=_start,8385826
2021-07-29-22:21:04.917144,memmove<=exe(void*)<=main<=__libc_start_main<=_start,8385826
2021-07-29-22:21:04.917609,memmove<=exe(void*)<=main<=__libc_start_main<=_start,8385826
2021-07-29-22:21:04.918049,memmove<=exe(void*)<=main<=__libc_start_main<=_start,8385826
2021-07-29-22:21:04.918472,memmove<=exe(void*)<=main<=__libc_start_main<=_start,8385826
2021-07-29-22:21:04.918961,memmove<=exe(void*)<=main<=__libc_start_main<=_start,8385826
2021-07-29-22:21:04.919897,memmove<=exe(void*)<=main<=__libc_start_main<=_start,8385826
2021-07-29-22:21:04.920421,memmove<=exe(void*)<=main<=__libc_start_main<=_start,8385826
2021-07-29-22:21:04.920928,memcpy<=exe(void*)<=main<=__libc_start_main<=_start,8385826
2021-07-29-22:21:04.921349,memcpy<=exe(void*)<=main<=__libc_start_main<=_start,8385826
2021-07-29-22:21:04.921768,memcpy<=exe(void*)<=main<=__libc_start_main<=_start,8385826
2021-07-29-22:21:04.922137,memmove<=exe(void*)<=main<=__libc_start_main<=_start,8385826
2021-07-29-22:21:04.922523,memcpy<=exe(void*)<=main<=__libc_start_main<=_start,8385826
2021-07-29-22:21:04.922729,memcpy<=exe(void*)<=main<=__libc_start_main<=_start,8385826
2021-07-29-22:21:04.923154,memcpy<=exe(void*)<=main<=__libc_start_main<=_start,8385826
2021-07-29-22:21:04.923591,memcpy<=exe(void*)<=main<=__libc_start_main<=_start,8385826
2021-07-29-22:21:04.923989,memcpy<=exe(void*)<=main<=__libc_start_main<=_start,8385826
2021-07-29-22:21:04.924450,memcpy<=exe(void*)<=main<=__libc_start_main<=_start,8385826
2021-07-29-22:21:04.924883,memcpy<=exe(void*)<=main<=__libc_start_main<=_start,8385826
2021-07-29-22:21:05.125040,memcpy<=exe(void*)<=main<=__libc_start_main<=_start,8385826
2021-07-29-22:21:05.125372,memcpy<=exe(void*)<=main<=__libc_start_main<=_start,8385826
2021-07-29-22:21:05.125711,memcpy<=exe(void*)<=main<=__libc_start_main<=_start,8385826
2021-07-29-22:21:05.126017,memcpy<=exe(void*)<=main<=__libc_start_main<=_start,8385826
2021-07-29-22:21:05.126330,memcpy<=exe(void*)<=main<=__libc_start_main<=_start,8385826
2021-07-29-22:21:05.126622,memcpy<=exe(void*)<=main<=__libc_start_main<=_start,8385826
